{
  "width": 548,
  "height": 204,
  "cx": [
    [ "LIVRE", 65 ],
    [ "AUTEUR", 205 ],
    [ "CATEGORIE", 340 ],
    [ "MEMBRE", 481 ],
    [ "EMPRUNTER", 65 ],
    [ "ECRIT", 205 ],
    [ "APPARTIENT_A", 340 ]
  ],
  "cy": [
    [ "LIVRE", 60 ],
    [ "AUTEUR", 60 ],
    [ "CATEGORIE", 60 ],
    [ "MEMBRE", 60 ],
    [ "EMPRUNTER", 161 ],
    [ "ECRIT", 161 ],
    [ "APPARTIENT_A", 161 ]
  ],
  "shift": [
    [ "EMPRUNTER,MEMBRE,0", 0 ],
    [ "EMPRUNTER,LIVRE,0", 0 ],
    [ "ECRIT,AUTEUR,0", 0 ],
    [ "ECRIT,LIVRE,0", 0 ],
    [ "APPARTIENT_A,CATEGORIE,0", 0 ],
    [ "APPARTIENT_A,LIVRE,0", 0 ]
  ],
  "ratio": []
}
